Postal Code,Borough,Latitude,Longitude
75001,Louvre,48.8592,2.3417
75002,Bourse,48.8655,2.3426
75003,Temple,48.8637,2.3615
75004,Hôtel-de-Ville,48.8601,2.3507
75005,Panthéon,48.8448,2.3471
75006,Luxembourg,48.8493,2.33
75007,Palais-Bourbon,48.8565,2.3209999999999997
75008,Élysée,48.8763,2.3183
75009,Opéra,48.8718,2.3399
75010,Entrepôt,48.8709,2.3561
75011,Popincourt,48.8574,2.3795
75012,Reuilly,48.8412,2.3876
75013,Gobelins,48.8322,2.3561
75014,Observatoire,48.8331,2.3264
75015,Vaugirard,48.8412,2.3003
75016,Passy,48.8637,2.2769
75017,Batignolles-Monceau,48.8835,2.3219
75018,Buttes-Montmartre,48.8925,2.3444
75019,Buttes-Chaumont,48.8817,2.3822
75020,Ménilmontant,48.8646,2.3984
75021 CEDEX 01,Louvre,48.8592,2.3417
75023 CEDEX 01,Louvre,48.8592,2.3417
75024 CEDEX 01,Louvre,48.8592,2.3417
75026 CEDEX 01,Louvre,48.8592,2.3417
75028 CEDEX 01,Louvre,48.8592,2.3417
75029 CEDEX 01,Louvre,48.8592,2.3417
75030 CEDEX 01,Louvre,48.8592,2.3417
75031 CEDEX 01,Louvre,48.8592,2.3417
75032 CEDEX 01,Louvre,48.8592,2.3417
75033 CEDEX 01,Louvre,48.8592,2.3417
75034 CEDEX 01,Louvre,48.8592,2.3417
75035 CEDEX 01,Louvre,48.8592,2.3417
75036 CEDEX 01,Louvre,48.8592,2.3417
75038 CEDEX 01,Louvre,48.8592,2.3417
75039 CEDEX 01,Louvre,48.8592,2.3417
75040 CEDEX 01,Louvre,48.8592,2.3417
75041 CEDEX 01,Louvre,48.8592,2.3417
75042 CEDEX 01,Louvre,48.8592,2.3417
75043 CEDEX 01,Louvre,48.8592,2.3417
75044 CEDEX 01,Louvre,48.8592,2.3417
75045 CEDEX 01,Louvre,48.8592,2.3417
75046 CEDEX 01,Louvre,48.8592,2.3417
75047 CEDEX 01,Louvre,48.8592,2.3417
75048 CEDEX 01,Louvre,48.8592,2.3417
75049 CEDEX 01,Louvre,48.8592,2.3417
75051 CEDEX 01,Louvre,48.8592,2.3417
75052 CEDEX 01,Louvre,48.8592,2.3417
75053 CEDEX 01,Louvre,48.8592,2.3417
75054 CEDEX 01,Louvre,48.8592,2.3417
75055 CEDEX 01,Louvre,48.8592,2.3417
75056 CEDEX 01,Louvre,48.8592,2.3417
75058 CEDEX 01,Louvre,48.8592,2.3417
75059 CEDEX 01,Louvre,48.8592,2.3417
75060 CEDEX 02,Bourse,48.8655,2.3426
75061 CEDEX 02,Bourse,48.8655,2.3426
75062 CEDEX 02,Bourse,48.8655,2.3426
75063 CEDEX 02,Bourse,48.8655,2.3426
75064 CEDEX 02,Bourse,48.8655,2.3426
75065 CEDEX 02,Bourse,48.8655,2.3426
75066 CEDEX 02,Bourse,48.8655,2.3426
75067 CEDEX 02,Bourse,48.8655,2.3426
75068 CEDEX 02,Bourse,48.8655,2.3426
75069 CEDEX 02,Bourse,48.8655,2.3426
75072 CEDEX 02,Bourse,48.8655,2.3426
75073 CEDEX 02,Bourse,48.8655,2.3426
75074 CEDEX 02,Bourse,48.8655,2.3426
75075 CEDEX 02,Bourse,48.8655,2.3426
75076 CEDEX 02,Bourse,48.8655,2.3426
75077 CEDEX 02,Bourse,48.8655,2.3426
75078 CEDEX 02,Bourse,48.8655,2.3426
75079 CEDEX 02,Bourse,48.8655,2.3426
75080 CEDEX 02,Bourse,48.8655,2.3426
75081 CEDEX 02,Bourse,48.8655,2.3426
75082 CEDEX 02,Bourse,48.8655,2.3426
75083 CEDEX 02,Bourse,48.8655,2.3426
75084 CEDEX 02,Bourse,48.8655,2.3426
75085 CEDEX 02,Bourse,48.8655,2.3426
75086 CEDEX 02,Bourse,48.8655,2.3426
75087 CEDEX 02,Bourse,48.8655,2.3426
75088 CEDEX 02,Bourse,48.8655,2.3426
75089 CEDEX 02,Bourse,48.8655,2.3426
75090 CEDEX 02,Bourse,48.8655,2.3426
75092 CEDEX 02,Bourse,48.8655,2.3426
75093 CEDEX 02,Bourse,48.8655,2.3426
75094 CEDEX 02,Bourse,48.8655,2.3426
75095 CEDEX 02,Bourse,48.8655,2.3426
75096 CEDEX 02,Bourse,48.8655,2.3426
75097 CEDEX 02,Bourse,48.8655,2.3426
75100 CEDEX 01,Louvre,48.8592,2.3417
75101 CEDEX 02,Bourse,48.8655,2.3426
75102 CEDEX 02,Bourse,48.8655,2.3426
75103 CEDEX 02,Bourse,48.8655,2.3426
75104 CEDEX 02,Bourse,48.8655,2.3426
75105 CEDEX 02,Bourse,48.8655,2.3426
75106 CEDEX 02,Bourse,48.8655,2.3426
75107 CEDEX 02,Bourse,48.8655,2.3426
75108 CEDEX 02,Bourse,48.8655,2.3426
75109 CEDEX 02,Bourse,48.8655,2.3426
75110 CEDEX 02,Bourse,48.8655,2.3426
75111 CEDEX 02,Bourse,48.8655,2.3426
75112 CEDEX 02,Bourse,48.8655,2.3426
75113 CEDEX 02,Bourse,48.8655,2.3426
75114 CEDEX 08,Élysée,48.8763,2.3183
75115 CEDEX 15,Vaugirard,48.8412,2.3003
75116,Passy,48.8637,2.2769
75118 CEDEX 02,Bourse,48.8655,2.3426
75119 CEDEX 02,Bourse,48.8655,2.3426
75120 CEDEX 02,Bourse,48.8655,2.3426
75122 CEDEX 03,Temple,48.8637,2.3615
75123 CEDEX 03,Temple,48.8637,2.3615
75124 CEDEX 03,Temple,48.8637,2.3615
75125 CEDEX 11,Popincourt,48.8574,2.3795
75126 CEDEX 11,Popincourt,48.8574,2.3795
75127 CEDEX 11,Popincourt,48.8574,2.3795
75128 CEDEX 11,Popincourt,48.8574,2.3795
75129 CEDEX 11,Popincourt,48.8574,2.3795
75130 CEDEX 11,Popincourt,48.8574,2.3795
75131 CEDEX 12,Reuilly,48.8412,2.3876
75134 CEDEX 11,Popincourt,48.8574,2.3795
75138 CEDEX 07,Palais-Bourbon,48.8565,2.3209999999999997
75139 CEDEX 03,Temple,48.8637,2.3615
75140 CEDEX 03,Temple,48.8637,2.3615
75141 CEDEX 03,Temple,48.8637,2.3615
75142 CEDEX 03,Temple,48.8637,2.3615
75144 CEDEX 19,Buttes-Chaumont,48.8817,2.3822
75150 CEDEX 03,Temple,48.8637,2.3615
75151 CEDEX 03,Temple,48.8637,2.3615
75152 CEDEX 03,Temple,48.8637,2.3615
75153 CEDEX 03,Temple,48.8637,2.3615
75154 CEDEX 03,Temple,48.8637,2.3615
75155 CEDEX 03,Temple,48.8637,2.3615
75156 CEDEX 03,Temple,48.8637,2.3615
75157 CEDEX 03,Temple,48.8637,2.3615
75158 CEDEX 14,Observatoire,48.8331,2.3264
75159 CEDEX 14,Observatoire,48.8331,2.3264
75161 CEDEX 04,Hôtel-de-Ville,48.8601,2.3507
75162 CEDEX 04,Hôtel-de-Ville,48.8601,2.3507
75163 CEDEX 04,Hôtel-de-Ville,48.8601,2.3507
75164 CEDEX 19,Buttes-Chaumont,48.8817,2.3822
75165 CEDEX 19,Buttes-Chaumont,48.8817,2.3822
75166 CEDEX 19,Buttes-Chaumont,48.8817,2.3822
75167 CEDEX 19,Buttes-Chaumont,48.8817,2.3822
75168 CEDEX 19,Buttes-Chaumont,48.8817,2.3822
75169 CEDEX 19,Buttes-Chaumont,48.8817,2.3822
75170 CEDEX 19,Buttes-Chaumont,48.8817,2.3822
75171 CEDEX 19,Buttes-Chaumont,48.8817,2.3822
75172 CEDEX 17,Batignolles-Monceau,48.8835,2.3219
75174 CEDEX 17,Batignolles-Monceau,48.8835,2.3219
75176 CEDEX 17,Batignolles-Monceau,48.8835,2.3219
75177 CEDEX 17,Batignolles-Monceau,48.8835,2.3219
75179 CEDEX 16,Passy,48.8637,2.2769
75180 CEDEX 04,Hôtel-de-Ville,48.8601,2.3507
75181 CEDEX 04,Hôtel-de-Ville,48.8601,2.3507
75182 CEDEX 04,Hôtel-de-Ville,48.8601,2.3507
75184 CEDEX 04,Hôtel-de-Ville,48.8601,2.3507
75186 CEDEX 04,Hôtel-de-Ville,48.8601,2.3507
75188 CEDEX 04,Hôtel-de-Ville,48.8601,2.3507
75189 CEDEX 04,Hôtel-de-Ville,48.8601,2.3507
75191 CEDEX 04,Hôtel-de-Ville,48.8601,2.3507
75192 CEDEX 04,Hôtel-de-Ville,48.8601,2.3507
75194 CEDEX 04,Hôtel-de-Ville,48.8601,2.3507
75195 CEDEX 04,Hôtel-de-Ville,48.8601,2.3507
75196 CEDEX 04,Hôtel-de-Ville,48.8601,2.3507
75197 CEDEX 04,Hôtel-de-Ville,48.8601,2.3507
75198 CEDEX 04,Hôtel-de-Ville,48.8601,2.3507
75201 CEDEX 13,Gobelins,48.8322,2.3561
75202 CEDEX 16,Passy,48.8637,2.2769
75203 CEDEX 16,Passy,48.8637,2.2769
75204 CEDEX 13,Gobelins,48.8322,2.3561
75205 CEDEX 13,Gobelins,48.8322,2.3561
75206 CEDEX 13,Gobelins,48.8322,2.3561
75207 CEDEX 16,Passy,48.8637,2.2769
75208 CEDEX 16,Passy,48.8637,2.2769
75209 CEDEX 16,Passy,48.8637,2.2769
75210 CEDEX 13,Gobelins,48.8322,2.3561
75211 CEDEX 13,Gobelins,48.8322,2.3561
75212 CEDEX 13,Gobelins,48.8322,2.3561
75213 CEDEX 16,Passy,48.8637,2.2769
75214 CEDEX 13,Gobelins,48.8322,2.3561
75215 CEDEX 16,Passy,48.8637,2.2769
75216 CEDEX 16,Passy,48.8637,2.2769
75217 CEDEX 16,Passy,48.8637,2.2769
75218 CEDEX 16,Passy,48.8637,2.2769
75219 CEDEX 16,Passy,48.8637,2.2769
75220 CEDEX 16,Passy,48.8637,2.2769
75221 CEDEX 05,Panthéon,48.8448,2.3471
75222 CEDEX 05,Panthéon,48.8448,2.3471
75223 CEDEX 05,Panthéon,48.8448,2.3471
75224 CEDEX 05,Panthéon,48.8448,2.3471
75226 CEDEX 05,Panthéon,48.8448,2.3471
75227 CEDEX 05,Panthéon,48.8448,2.3471
75228 CEDEX 05,Panthéon,48.8448,2.3471
75229 CEDEX 05,Panthéon,48.8448,2.3471
75230 CEDEX 05,Panthéon,48.8448,2.3471
75231 CEDEX 05,Panthéon,48.8448,2.3471
75232 CEDEX 05,Panthéon,48.8448,2.3471
75233 CEDEX 05,Panthéon,48.8448,2.3471
75234 CEDEX 05,Panthéon,48.8448,2.3471
75235 CEDEX 05,Panthéon,48.8448,2.3471
75236 CEDEX 05,Panthéon,48.8448,2.3471
75237 CEDEX 05,Panthéon,48.8448,2.3471
75238 CEDEX 05,Panthéon,48.8448,2.3471
75239 CEDEX 05,Panthéon,48.8448,2.3471
75240 CEDEX 05,Panthéon,48.8448,2.3471
75241 CEDEX 05,Panthéon,48.8448,2.3471
75243 CEDEX 13,Gobelins,48.8322,2.3561
75244 CEDEX 13,Gobelins,48.8322,2.3561
75248 CEDEX 05,Panthéon,48.8448,2.3471
75250 CEDEX 05,Panthéon,48.8448,2.3471
75252 CEDEX 05,Panthéon,48.8448,2.3471
75253 CEDEX 05,Panthéon,48.8448,2.3471
75256 CEDEX 05,Panthéon,48.8448,2.3471
75260 CEDEX 06,Luxembourg,48.8493,2.33
75261 CEDEX 06,Luxembourg,48.8493,2.33
75262 CEDEX 06,Luxembourg,48.8493,2.33
75263 CEDEX 06,Luxembourg,48.8493,2.33
75264 CEDEX 06,Luxembourg,48.8493,2.33
75265 CEDEX 06,Luxembourg,48.8493,2.33
75266 CEDEX 06,Luxembourg,48.8493,2.33
75269 CEDEX 06,Luxembourg,48.8493,2.33
75270 CEDEX 06,Luxembourg,48.8493,2.33
75272 CEDEX 06,Luxembourg,48.8493,2.33
75275 CEDEX 06,Luxembourg,48.8493,2.33
75278 CEDEX 06,Luxembourg,48.8493,2.33
75279 CEDEX 06,Luxembourg,48.8493,2.33
75280 CEDEX 06,Luxembourg,48.8493,2.33
75281 CEDEX 06,Luxembourg,48.8493,2.33
75282 CEDEX 06,Luxembourg,48.8493,2.33
75283 CEDEX 06,Luxembourg,48.8493,2.33
75284 CEDEX 06,Luxembourg,48.8493,2.33
75288 CEDEX 06,Luxembourg,48.8493,2.33
75290 CEDEX 06,Luxembourg,48.8493,2.33
75291 CEDEX 06,Luxembourg,48.8493,2.33
75292 CEDEX 06,Luxembourg,48.8493,2.33
75294 CEDEX 06,Luxembourg,48.8493,2.33
75295 CEDEX 06,Luxembourg,48.8493,2.33
75298 CEDEX 06,Luxembourg,48.8493,2.33
75299 CEDEX 06,Luxembourg,48.8493,2.33
75302 CEDEX 07,Palais-Bourbon,48.8565,2.3209999999999997
75303 SP 07,Palais-Bourbon,48.8565,2.3209999999999997
75304 CEDEX 09,Opéra,48.8718,2.3399
75305 CEDEX 09,Opéra,48.8718,2.3399
75306 CEDEX 09,Opéra,48.8718,2.3399
75307 CEDEX 09,Opéra,48.8718,2.3399
75308 CEDEX 09,Opéra,48.8718,2.3399
75309 CEDEX 09,Opéra,48.8718,2.3399
75310 CEDEX 09,Opéra,48.8718,2.3399
75311 CEDEX 09,Opéra,48.8718,2.3399
75312 CEDEX 09,Opéra,48.8718,2.3399
75313 CEDEX 09,Opéra,48.8718,2.3399
75314 CEDEX 09,Opéra,48.8718,2.3399
75315 CEDEX 09,Opéra,48.8718,2.3399
75317 CEDEX 09,Opéra,48.8718,2.3399
75318 CEDEX 09,Opéra,48.8718,2.3399
75319 CEDEX 09,Opéra,48.8718,2.3399
75320 CEDEX 09,Opéra,48.8718,2.3399
75321 CEDEX 07,Palais-Bourbon,48.8565,2.3209999999999997
75322 CEDEX 07,Palais-Bourbon,48.8565,2.3209999999999997
75323 CEDEX 07,Palais-Bourbon,48.8565,2.3209999999999997
75324 CEDEX 07,Palais-Bourbon,48.8565,2.3209999999999997
75325 CEDEX 07,Palais-Bourbon,48.8565,2.3209999999999997
75326 CEDEX 07,Palais-Bourbon,48.8565,2.3209999999999997
75327 CEDEX 07,Palais-Bourbon,48.8565,2.3209999999999997
75328 CEDEX 07,Palais-Bourbon,48.8565,2.3209999999999997
75329 CEDEX 07,Palais-Bourbon,48.8565,2.3209999999999997
75330 CEDEX 07,Palais-Bourbon,48.8565,2.3209999999999997
75333 CEDEX 07,Palais-Bourbon,48.8565,2.3209999999999997
75335 CEDEX 07,Palais-Bourbon,48.8565,2.3209999999999997
75337 CEDEX 07,Palais-Bourbon,48.8565,2.3209999999999997
75338 CEDEX 07,Palais-Bourbon,48.8565,2.3209999999999997
75339 CEDEX 07,Palais-Bourbon,48.8565,2.3209999999999997
75340 CEDEX 07,Palais-Bourbon,48.8565,2.3209999999999997
75341 CEDEX 07,Palais-Bourbon,48.8565,2.3209999999999997
75342 CEDEX 07,Palais-Bourbon,48.8565,2.3209999999999997
75343 CEDEX 07,Palais-Bourbon,48.8565,2.3209999999999997
75344 CEDEX 07,Palais-Bourbon,48.8565,2.3209999999999997
75345 CEDEX 07,Palais-Bourbon,48.8565,2.3209999999999997
75348 SP 07,Palais-Bourbon,48.8565,2.3209999999999997
75349 SP 07,Palais-Bourbon,48.8565,2.3209999999999997
75350 SP 07,Palais-Bourbon,48.8565,2.3209999999999997
75352 SP 07,Palais-Bourbon,48.8565,2.3209999999999997
75353 SP 07,Palais-Bourbon,48.8565,2.3209999999999997
75355 SP 07,Palais-Bourbon,48.8565,2.3209999999999997
75356 SP 07,Palais-Bourbon,48.8565,2.3209999999999997
75357 SP 07,Palais-Bourbon,48.8565,2.3209999999999997
75358 SP 07,Palais-Bourbon,48.8565,2.3209999999999997
75359 SP 07,Palais-Bourbon,48.8565,2.3209999999999997
75360 CEDEX 08,Élysée,48.8763,2.3183
75361 CEDEX 08,Élysée,48.8763,2.3183
75362 CEDEX 08,Élysée,48.8763,2.3183
75363 CEDEX 08,Élysée,48.8763,2.3183
75364 CEDEX 08,Élysée,48.8763,2.3183
75365 CEDEX 08,Élysée,48.8763,2.3183
75366 CEDEX 08,Élysée,48.8763,2.3183
75367 CEDEX 08,Élysée,48.8763,2.3183
75370 CEDEX 08,Élysée,48.8763,2.3183
75371 CEDEX 08,Élysée,48.8763,2.3183
75372 CEDEX 08,Élysée,48.8763,2.3183
75373 CEDEX 08,Élysée,48.8763,2.3183
75374 CEDEX 08,Élysée,48.8763,2.3183
75375 CEDEX 08,Élysée,48.8763,2.3183
75376 CEDEX 08,Élysée,48.8763,2.3183
75378 CEDEX 08,Élysée,48.8763,2.3183
75379 CEDEX 08,Élysée,48.8763,2.3183
75380 CEDEX 08,Élysée,48.8763,2.3183
75381 CEDEX 08,Élysée,48.8763,2.3183
75382 CEDEX 08,Élysée,48.8763,2.3183
75383 CEDEX 08,Élysée,48.8763,2.3183
75384 CEDEX 08,Élysée,48.8763,2.3183
75385 CEDEX 08,Élysée,48.8763,2.3183
75386 CEDEX 08,Élysée,48.8763,2.3183
75387 CEDEX 08,Élysée,48.8763,2.3183
75388 CEDEX 08,Élysée,48.8763,2.3183
75389 CEDEX 08,Élysée,48.8763,2.3183
75390 CEDEX 08,Élysée,48.8763,2.3183
75391 CEDEX 08,Élysée,48.8763,2.3183
75392 CEDEX 08,Élysée,48.8763,2.3183
75394 CEDEX 08,Élysée,48.8763,2.3183
75395 CEDEX 08,Élysée,48.8763,2.3183
75396 CEDEX 08,Élysée,48.8763,2.3183
75397 CEDEX 08,Élysée,48.8763,2.3183
75398 CEDEX 08,Élysée,48.8763,2.3183
75399 CEDEX 08,Élysée,48.8763,2.3183
75400 CEDEX 08,Élysée,48.8763,2.3183
75401 CEDEX 08,Élysée,48.8763,2.3183
75402 CEDEX 08,Élysée,48.8763,2.3183
75403 CEDEX 08,Élysée,48.8763,2.3183
75405 CEDEX 08,Élysée,48.8763,2.3183
75406 CEDEX 08,Élysée,48.8763,2.3183
75407 CEDEX 08,Élysée,48.8763,2.3183
75408 CEDEX 08,Élysée,48.8763,2.3183
75410 CEDEX 08,Élysée,48.8763,2.3183
75411 CEDEX 08,Élysée,48.8763,2.3183
75412 CEDEX 08,Élysée,48.8763,2.3183
75413 CEDEX 08,Élysée,48.8763,2.3183
75415 CEDEX 08,Élysée,48.8763,2.3183
75416 CEDEX 08,Élysée,48.8763,2.3183
75417 CEDEX 08,Élysée,48.8763,2.3183
75418 CEDEX 08,Élysée,48.8763,2.3183
75419 CEDEX 08,Élysée,48.8763,2.3183
75420 CEDEX 08,Élysée,48.8763,2.3183
75421 CEDEX 09,Opéra,48.8718,2.3399
75422 CEDEX 09,Opéra,48.8718,2.3399
75423 CEDEX 09,Opéra,48.8718,2.3399
75424 CEDEX 09,Opéra,48.8718,2.3399
75425 CEDEX 09,Opéra,48.8718,2.3399
75426 CEDEX 09,Opéra,48.8718,2.3399
75427 CEDEX 09,Opéra,48.8718,2.3399
75428 CEDEX 09,Opéra,48.8718,2.3399
75429 CEDEX 09,Opéra,48.8718,2.3399
75430 CEDEX 09,Opéra,48.8718,2.3399
75431 CEDEX 09,Opéra,48.8718,2.3399
75432 CEDEX 09,Opéra,48.8718,2.3399
75434 CEDEX 09,Opéra,48.8718,2.3399
75435 CEDEX 09,Opéra,48.8718,2.3399
75436 CEDEX 09,Opéra,48.8718,2.3399
75437 CEDEX 09,Opéra,48.8718,2.3399
75438 CEDEX 09,Opéra,48.8718,2.3399
75439 CEDEX 09,Opéra,48.8718,2.3399
75440 CEDEX 09,Opéra,48.8718,2.3399
75441 CEDEX 09,Opéra,48.8718,2.3399
75442 CEDEX 09,Opéra,48.8718,2.3399
75443 CEDEX 09,Opéra,48.8718,2.3399
75444 CEDEX 09,Opéra,48.8718,2.3399
75445 CEDEX 09,Opéra,48.8718,2.3399
75446 CEDEX 09,Opéra,48.8718,2.3399
75447 CEDEX 09,Opéra,48.8718,2.3399
75449 CEDEX 09,Opéra,48.8718,2.3399
75450 CEDEX 09,Opéra,48.8718,2.3399
75451 CEDEX 09,Opéra,48.8718,2.3399
75452 CEDEX 09,Opéra,48.8718,2.3399
75453 CEDEX 09,Opéra,48.8718,2.3399
75454 CEDEX 09,Opéra,48.8718,2.3399
75455 CEDEX 09,Opéra,48.8718,2.3399
75456 CEDEX 09,Opéra,48.8718,2.3399
75457 CEDEX 09,Opéra,48.8718,2.3399
75458 CEDEX 09,Opéra,48.8718,2.3399
75459 CEDEX 09,Opéra,48.8718,2.3399
75460 CEDEX 10,Entrepôt,48.8709,2.3561
75462 CEDEX 10,Entrepôt,48.8709,2.3561
75463 CEDEX 10,Entrepôt,48.8709,2.3561
75464 CEDEX 10,Entrepôt,48.8709,2.3561
75465 CEDEX 10,Entrepôt,48.8709,2.3561
75466 CEDEX 10,Entrepôt,48.8709,2.3561
75467 CEDEX 10,Entrepôt,48.8709,2.3561
75468 CEDEX 10,Entrepôt,48.8709,2.3561
75470 CEDEX 10,Entrepôt,48.8709,2.3561
75471 CEDEX 10,Entrepôt,48.8709,2.3561
75472 CEDEX 10,Entrepôt,48.8709,2.3561
75473 CEDEX 10,Entrepôt,48.8709,2.3561
75474 CEDEX 10,Entrepôt,48.8709,2.3561
75475 CEDEX 10,Entrepôt,48.8709,2.3561
75476 CEDEX 10,Entrepôt,48.8709,2.3561
75477 CEDEX 10,Entrepôt,48.8709,2.3561
75478 CEDEX 10,Entrepôt,48.8709,2.3561
75479 CEDEX 10,Entrepôt,48.8709,2.3561
75480 CEDEX 10,Entrepôt,48.8709,2.3561
75481 CEDEX 10,Entrepôt,48.8709,2.3561
75482 CEDEX 10,Entrepôt,48.8709,2.3561
75483 CEDEX 10,Entrepôt,48.8709,2.3561
75484 CEDEX 10,Entrepôt,48.8709,2.3561
75485 CEDEX 10,Entrepôt,48.8709,2.3561
75486 CEDEX 10,Entrepôt,48.8709,2.3561
75487 CEDEX 10,Entrepôt,48.8709,2.3561
75488 CEDEX 10,Entrepôt,48.8709,2.3561
75490 CEDEX 10,Entrepôt,48.8709,2.3561
75491 CEDEX 10,Entrepôt,48.8709,2.3561
75492 CEDEX 10,Entrepôt,48.8709,2.3561
75493 CEDEX 10,Entrepôt,48.8709,2.3561
75495 CEDEX 10,Entrepôt,48.8709,2.3561
75496 CEDEX 10,Entrepôt,48.8709,2.3561
75497 CEDEX 10,Entrepôt,48.8709,2.3561
75498 CEDEX 10,Entrepôt,48.8709,2.3561
75499 CEDEX 10,Entrepôt,48.8709,2.3561
75502 CEDEX 15,Vaugirard,48.8412,2.3003
75503 CEDEX 15,Vaugirard,48.8412,2.3003
75504 CEDEX 15,Vaugirard,48.8412,2.3003
75505 CEDEX 15,Vaugirard,48.8412,2.3003
75506 CEDEX 15,Vaugirard,48.8412,2.3003
75507 CEDEX 15,Vaugirard,48.8412,2.3003
75508 CEDEX 15,Vaugirard,48.8412,2.3003
75509 CEDEX 15,Vaugirard,48.8412,2.3003
75510 CEDEX 15,Vaugirard,48.8412,2.3003
75511 CEDEX 15,Vaugirard,48.8412,2.3003
75512 CEDEX 15,Vaugirard,48.8412,2.3003
75521 CEDEX 11,Popincourt,48.8574,2.3795
75522 CEDEX 11,Popincourt,48.8574,2.3795
75523 CEDEX 11,Popincourt,48.8574,2.3795
75524 CEDEX 11,Popincourt,48.8574,2.3795
75525 CEDEX 11,Popincourt,48.8574,2.3795
75526 CEDEX 11,Popincourt,48.8574,2.3795
75527 CEDEX 11,Popincourt,48.8574,2.3795
75528 CEDEX 11,Popincourt,48.8574,2.3795
75533 CEDEX 11,Popincourt,48.8574,2.3795
75534 CEDEX 11,Popincourt,48.8574,2.3795
75535 CEDEX 11,Popincourt,48.8574,2.3795
75536 CEDEX 11,Popincourt,48.8574,2.3795
75537 CEDEX 11,Popincourt,48.8574,2.3795
75538 CEDEX 11,Popincourt,48.8574,2.3795
75540 CEDEX 11,Popincourt,48.8574,2.3795
75541 CEDEX 11,Popincourt,48.8574,2.3795
75542 CEDEX 11,Popincourt,48.8574,2.3795
75543 CEDEX 11,Popincourt,48.8574,2.3795
75544 CEDEX 11,Popincourt,48.8574,2.3795
75545 CEDEX 11,Popincourt,48.8574,2.3795
75546 CEDEX 11,Popincourt,48.8574,2.3795
75547 CEDEX 11,Popincourt,48.8574,2.3795
75548 CEDEX 11,Popincourt,48.8574,2.3795
75550 CEDEX 11,Popincourt,48.8574,2.3795
75551 CEDEX 11,Popincourt,48.8574,2.3795
75552 CEDEX 11,Popincourt,48.8574,2.3795
75553 CEDEX 11,Popincourt,48.8574,2.3795
75554 CEDEX 11,Popincourt,48.8574,2.3795
75555 CEDEX 11,Popincourt,48.8574,2.3795
75556 CEDEX 11,Popincourt,48.8574,2.3795
75557 CEDEX 11,Popincourt,48.8574,2.3795
75558 CEDEX 11,Popincourt,48.8574,2.3795
75560 CEDEX 12,Reuilly,48.8412,2.3876
75561 CEDEX 12,Reuilly,48.8412,2.3876
75562 CEDEX 12,Reuilly,48.8412,2.3876
75563 CEDEX 12,Reuilly,48.8412,2.3876
75564 CEDEX 12,Reuilly,48.8412,2.3876
75565 CEDEX 12,Reuilly,48.8412,2.3876
75566 CEDEX 12,Reuilly,48.8412,2.3876
75567 CEDEX 12,Reuilly,48.8412,2.3876
75568 CEDEX 12,Reuilly,48.8412,2.3876
75569 CEDEX 12,Reuilly,48.8412,2.3876
75570 CEDEX 12,Reuilly,48.8412,2.3876
75571 CEDEX 12,Reuilly,48.8412,2.3876
75572 CEDEX 12,Reuilly,48.8412,2.3876
75573 CEDEX 12,Reuilly,48.8412,2.3876
75574 CEDEX 12,Reuilly,48.8412,2.3876
75575 CEDEX 12,Reuilly,48.8412,2.3876
75576 CEDEX 12,Reuilly,48.8412,2.3876
75577 CEDEX 12,Reuilly,48.8412,2.3876
75578 CEDEX 12,Reuilly,48.8412,2.3876
75579 CEDEX 12,Reuilly,48.8412,2.3876
75580 CEDEX 12,Reuilly,48.8412,2.3876
75581 CEDEX 12,Reuilly,48.8412,2.3876
75582 CEDEX 12,Reuilly,48.8412,2.3876
75583 CEDEX 12,Reuilly,48.8412,2.3876
75584 CEDEX 12,Reuilly,48.8412,2.3876
75585 CEDEX 12,Reuilly,48.8412,2.3876
75586 CEDEX 12,Reuilly,48.8412,2.3876
75587 CEDEX 12,Reuilly,48.8412,2.3876
75588 CEDEX 12,Reuilly,48.8412,2.3876
75589 CEDEX 12,Reuilly,48.8412,2.3876
75591 CEDEX 12,Reuilly,48.8412,2.3876
75592 CEDEX 12,Reuilly,48.8412,2.3876
75593 CEDEX 12,Reuilly,48.8412,2.3876
75594 CEDEX 12,Reuilly,48.8412,2.3876
75595 CEDEX 12,Reuilly,48.8412,2.3876
75596 CEDEX 12,Reuilly,48.8412,2.3876
75597 CEDEX 12,Reuilly,48.8412,2.3876
75598 CEDEX 12,Reuilly,48.8412,2.3876
75599 CEDEX 12,Reuilly,48.8412,2.3876
75600 CEDEX 14,Observatoire,48.8331,2.3264
75601 CEDEX 12,Reuilly,48.8412,2.3876
75602 CEDEX 12,Reuilly,48.8412,2.3876
75603 CEDEX 12,Reuilly,48.8412,2.3876
75604 CEDEX 12,Reuilly,48.8412,2.3876
75605 CEDEX 12,Reuilly,48.8412,2.3876
75606 CEDEX 12,Reuilly,48.8412,2.3876
75607 CEDEX 12,Reuilly,48.8412,2.3876
75608 CEDEX 12,Reuilly,48.8412,2.3876
75609 CEDEX 12,Reuilly,48.8412,2.3876
75610 CEDEX 12,Reuilly,48.8412,2.3876
75611 CEDEX 12,Reuilly,48.8412,2.3876
75612 CEDEX 12,Reuilly,48.8412,2.3876
75613 CEDEX 12,Reuilly,48.8412,2.3876
75614 CEDEX 12,Reuilly,48.8412,2.3876
75616 CEDEX 12,Reuilly,48.8412,2.3876
75617 CEDEX 17,Batignolles-Monceau,48.8835,2.3219
75618 CEDEX 14,Observatoire,48.8331,2.3264
75619 CEDEX 13,Gobelins,48.8322,2.3561
75620 CEDEX 14,Observatoire,48.8331,2.3264
75621 CEDEX 13,Gobelins,48.8322,2.3561
75622 CEDEX 13,Gobelins,48.8322,2.3561
75623 CEDEX 13,Gobelins,48.8322,2.3561
75624 CEDEX 13,Gobelins,48.8322,2.3561
75625 CEDEX 13,Gobelins,48.8322,2.3561
75626 CEDEX 13,Gobelins,48.8322,2.3561
75627 CEDEX 13,Gobelins,48.8322,2.3561
75628 CEDEX 13,Gobelins,48.8322,2.3561
75629 CEDEX 13,Gobelins,48.8322,2.3561
75630 CEDEX 13,Gobelins,48.8322,2.3561
75631 CEDEX 13,Gobelins,48.8322,2.3561
75632 CEDEX 13,Gobelins,48.8322,2.3561
75633 CEDEX 13,Gobelins,48.8322,2.3561
75634 CEDEX 13,Gobelins,48.8322,2.3561
75635 CEDEX 13,Gobelins,48.8322,2.3561
75636 CEDEX 13,Gobelins,48.8322,2.3561
75637 CEDEX 13,Gobelins,48.8322,2.3561
75638 CEDEX 13,Gobelins,48.8322,2.3561
75639 CEDEX 13,Gobelins,48.8322,2.3561
75640 CEDEX 13,Gobelins,48.8322,2.3561
75641 CEDEX 13,Gobelins,48.8322,2.3561
75642 CEDEX 13,Gobelins,48.8322,2.3561
75643 CEDEX 13,Gobelins,48.8322,2.3561
75644 CEDEX 13,Gobelins,48.8322,2.3561
75646 CEDEX 13,Gobelins,48.8322,2.3561
75647 CEDEX 13,Gobelins,48.8322,2.3561
75648 CEDEX 13,Gobelins,48.8322,2.3561
75649 CEDEX 13,Gobelins,48.8322,2.3561
75650 CEDEX 13,Gobelins,48.8322,2.3561
75651 CEDEX 13,Gobelins,48.8322,2.3561
75652 CEDEX 13,Gobelins,48.8322,2.3561
75653 CEDEX 13,Gobelins,48.8322,2.3561
75654 CEDEX 13,Gobelins,48.8322,2.3561
75655 CEDEX 13,Gobelins,48.8322,2.3561
75656 CEDEX 13,Gobelins,48.8322,2.3561
75657 CEDEX 13,Gobelins,48.8322,2.3561
75658 CEDEX 13,Gobelins,48.8322,2.3561
75659 CEDEX 13,Gobelins,48.8322,2.3561
75660 CEDEX 14,Observatoire,48.8331,2.3264
75661 CEDEX 14,Observatoire,48.8331,2.3264
75662 CEDEX 14,Observatoire,48.8331,2.3264
75663 CEDEX 14,Observatoire,48.8331,2.3264
75664 CEDEX 14,Observatoire,48.8331,2.3264
75665 CEDEX 14,Observatoire,48.8331,2.3264
75667 CEDEX 14,Observatoire,48.8331,2.3264
75668 CEDEX 14,Observatoire,48.8331,2.3264
75669 CEDEX 14,Observatoire,48.8331,2.3264
75670 CEDEX 14,Observatoire,48.8331,2.3264
75671 CEDEX 14,Observatoire,48.8331,2.3264
75673 CEDEX 14,Observatoire,48.8331,2.3264
75674 CEDEX 14,Observatoire,48.8331,2.3264
75675 CEDEX 14,Observatoire,48.8331,2.3264
75677 CEDEX 14,Observatoire,48.8331,2.3264
75678 CEDEX 14,Observatoire,48.8331,2.3264
75679 CEDEX 14,Observatoire,48.8331,2.3264
75680 CEDEX 14,Observatoire,48.8331,2.3264
75681 CEDEX 14,Observatoire,48.8331,2.3264
75682 CEDEX 14,Observatoire,48.8331,2.3264
75683 CEDEX 14,Observatoire,48.8331,2.3264
75685 CEDEX 14,Observatoire,48.8331,2.3264
75687 CEDEX 14,Observatoire,48.8331,2.3264
75688 CEDEX 14,Observatoire,48.8331,2.3264
75689 CEDEX 14,Observatoire,48.8331,2.3264
75690 CEDEX 14,Observatoire,48.8331,2.3264
75691 CEDEX 14,Observatoire,48.8331,2.3264
75692 CEDEX 14,Observatoire,48.8331,2.3264
75693 CEDEX 14,Observatoire,48.8331,2.3264
75694 CEDEX 14,Observatoire,48.8331,2.3264
75696 CEDEX 14,Observatoire,48.8331,2.3264
75697 CEDEX 14,Observatoire,48.8331,2.3264
75698 CEDEX 14,Observatoire,48.8331,2.3264
75699 CEDEX 14,Observatoire,48.8331,2.3264
75700 SP 07,Palais-Bourbon,48.8565,2.3209999999999997
75701 CEDEX 13,Gobelins,48.8322,2.3561
75702 CEDEX 13,Gobelins,48.8322,2.3561
75703 CEDEX 13,Gobelins,48.8322,2.3561
75705 CEDEX 13,Gobelins,48.8322,2.3561
75706 CEDEX 13,Gobelins,48.8322,2.3561
75707 CEDEX 13,Gobelins,48.8322,2.3561
75708 CEDEX 13,Gobelins,48.8322,2.3561
75709 CEDEX 13,Gobelins,48.8322,2.3561
75710 CEDEX 15,Vaugirard,48.8412,2.3003
75712 CEDEX 15,Vaugirard,48.8412,2.3003
75713 CEDEX 15,Vaugirard,48.8412,2.3003
75714 CEDEX 15,Vaugirard,48.8412,2.3003
75715 CEDEX 08,Élysée,48.8763,2.3183
75716 CEDEX 15,Vaugirard,48.8412,2.3003
75717 CEDEX 15,Vaugirard,48.8412,2.3003
75718 CEDEX 15,Vaugirard,48.8412,2.3003
75719 CEDEX 15,Vaugirard,48.8412,2.3003
75720 CEDEX 15,Vaugirard,48.8412,2.3003
75721 CEDEX 15,Vaugirard,48.8412,2.3003
75722 CEDEX 15,Vaugirard,48.8412,2.3003
75723 CEDEX 15,Vaugirard,48.8412,2.3003
75724 CEDEX 15,Vaugirard,48.8412,2.3003
75725 CEDEX 15,Vaugirard,48.8412,2.3003
75726 CEDEX 15,Vaugirard,48.8412,2.3003
75727 CEDEX 15,Vaugirard,48.8412,2.3003
75729 CEDEX 15,Vaugirard,48.8412,2.3003
75730 CEDEX 15,Vaugirard,48.8412,2.3003
75731 CEDEX 15,Vaugirard,48.8412,2.3003
75732 CEDEX 15,Vaugirard,48.8412,2.3003
75734 CEDEX 15,Vaugirard,48.8412,2.3003
75737 CEDEX 15,Vaugirard,48.8412,2.3003
75738 CEDEX 15,Vaugirard,48.8412,2.3003
75739 CEDEX 15,Vaugirard,48.8412,2.3003
75740 CEDEX 15,Vaugirard,48.8412,2.3003
75741 CEDEX 15,Vaugirard,48.8412,2.3003
75742 CEDEX 15,Vaugirard,48.8412,2.3003
75743 CEDEX 15,Vaugirard,48.8412,2.3003
75745 CEDEX 15,Vaugirard,48.8412,2.3003
75747 CEDEX 15,Vaugirard,48.8412,2.3003
75748 CEDEX 15,Vaugirard,48.8412,2.3003
75749 CEDEX 15,Vaugirard,48.8412,2.3003
75750 CEDEX 15,Vaugirard,48.8412,2.3003
75753 CEDEX 15,Vaugirard,48.8412,2.3003
75754 CEDEX 15,Vaugirard,48.8412,2.3003
75755 CEDEX 15,Vaugirard,48.8412,2.3003
75756 CEDEX 15,Vaugirard,48.8412,2.3003
75757 CEDEX 15,Vaugirard,48.8412,2.3003
75759 CEDEX 15,Vaugirard,48.8412,2.3003
75761 CEDEX 16,Passy,48.8637,2.2769
75762 CEDEX 16,Passy,48.8637,2.2769
75763 CEDEX 16,Passy,48.8637,2.2769
75764 CEDEX 16,Passy,48.8637,2.2769
75765 CEDEX 16,Passy,48.8637,2.2769
75766 CEDEX 16,Passy,48.8637,2.2769
75767 CEDEX 16,Passy,48.8637,2.2769
75768 CEDEX 16,Passy,48.8637,2.2769
75769 CEDEX 16,Passy,48.8637,2.2769
75770 CEDEX 16,Passy,48.8637,2.2769
75771 CEDEX 16,Passy,48.8637,2.2769
75772 CEDEX 16,Passy,48.8637,2.2769
75773 CEDEX 16,Passy,48.8637,2.2769
75775 CEDEX 16,Passy,48.8637,2.2769
75778 CEDEX 16,Passy,48.8637,2.2769
75780 CEDEX 16,Passy,48.8637,2.2769
75781 CEDEX 16,Passy,48.8637,2.2769
75782 CEDEX 16,Passy,48.8637,2.2769
75783 CEDEX 16,Passy,48.8637,2.2769
75784 CEDEX 16,Passy,48.8637,2.2769
75785 CEDEX 16,Passy,48.8637,2.2769
75786 CEDEX 16,Passy,48.8637,2.2769
75789 CEDEX 16,Passy,48.8637,2.2769
75790 CEDEX 16,Passy,48.8637,2.2769
75794 CEDEX 16,Passy,48.8637,2.2769
75796 CEDEX 16,Passy,48.8637,2.2769
75798 CEDEX 16,Passy,48.8637,2.2769
75799 CEDEX 16,Passy,48.8637,2.2769
75800 CEDEX 08,Élysée,48.8763,2.3183
75802 CEDEX 08,Élysée,48.8763,2.3183
75803 CEDEX 08,Élysée,48.8763,2.3183
75804 CEDEX 08,Élysée,48.8763,2.3183
75805 CEDEX 17,Batignolles-Monceau,48.8835,2.3219
75806 CEDEX 17,Batignolles-Monceau,48.8835,2.3219
75807 CEDEX 17,Batignolles-Monceau,48.8835,2.3219
75808 CEDEX 17,Batignolles-Monceau,48.8835,2.3219
75809 CEDEX 17,Batignolles-Monceau,48.8835,2.3219
75812 CEDEX 17,Batignolles-Monceau,48.8835,2.3219
75813 CEDEX 17,Batignolles-Monceau,48.8835,2.3219
75815 CEDEX 17,Batignolles-Monceau,48.8835,2.3219
75817 CEDEX 17,Batignolles-Monceau,48.8835,2.3219
75818 CEDEX 17,Batignolles-Monceau,48.8835,2.3219
75819 CEDEX 17,Batignolles-Monceau,48.8835,2.3219
75820 CEDEX 17,Batignolles-Monceau,48.8835,2.3219
75821 CEDEX 17,Batignolles-Monceau,48.8835,2.3219
75822 CEDEX 17,Batignolles-Monceau,48.8835,2.3219
75823 CEDEX 17,Batignolles-Monceau,48.8835,2.3219
75824 CEDEX 17,Batignolles-Monceau,48.8835,2.3219
75825 CEDEX 17,Batignolles-Monceau,48.8835,2.3219
75826 CEDEX 17,Batignolles-Monceau,48.8835,2.3219
75827 CEDEX 17,Batignolles-Monceau,48.8835,2.3219
75828 CEDEX 17,Batignolles-Monceau,48.8835,2.3219
75829 CEDEX 17,Batignolles-Monceau,48.8835,2.3219
75830 CEDEX 17,Batignolles-Monceau,48.8835,2.3219
75831 CEDEX 17,Batignolles-Monceau,48.8835,2.3219
75832 CEDEX 17,Batignolles-Monceau,48.8835,2.3219
75833 CEDEX 17,Batignolles-Monceau,48.8835,2.3219
75834 CEDEX 17,Batignolles-Monceau,48.8835,2.3219
75835 CEDEX 17,Batignolles-Monceau,48.8835,2.3219
75836 CEDEX 17,Batignolles-Monceau,48.8835,2.3219
75837 CEDEX 17,Batignolles-Monceau,48.8835,2.3219
75838 CEDEX 17,Batignolles-Monceau,48.8835,2.3219
75839 CEDEX 17,Batignolles-Monceau,48.8835,2.3219
75840 CEDEX 17,Batignolles-Monceau,48.8835,2.3219
75841 CEDEX 17,Batignolles-Monceau,48.8835,2.3219
75843 CEDEX 17,Batignolles-Monceau,48.8835,2.3219
75844 CEDEX 17,Batignolles-Monceau,48.8835,2.3219
75845 CEDEX 17,Batignolles-Monceau,48.8835,2.3219
75846 CEDEX 17,Batignolles-Monceau,48.8835,2.3219
75847 CEDEX 17,Batignolles-Monceau,48.8835,2.3219
75848 CEDEX 17,Batignolles-Monceau,48.8835,2.3219
75849 CEDEX 17,Batignolles-Monceau,48.8835,2.3219
75850 CEDEX 17,Batignolles-Monceau,48.8835,2.3219
75851 CEDEX 17,Batignolles-Monceau,48.8835,2.3219
75852 CEDEX 17,Batignolles-Monceau,48.8835,2.3219
75853 CEDEX 17,Batignolles-Monceau,48.8835,2.3219
75854 CEDEX 17,Batignolles-Monceau,48.8835,2.3219
75855 CEDEX 17,Batignolles-Monceau,48.8835,2.3219
75857 CEDEX 17,Batignolles-Monceau,48.8835,2.3219
75858 CEDEX 17,Batignolles-Monceau,48.8835,2.3219
75860 CEDEX 18,Buttes-Montmartre,48.8925,2.3444
75861 CEDEX 18,Buttes-Montmartre,48.8925,2.3444
75862 CEDEX 18,Buttes-Montmartre,48.8925,2.3444
75863 CEDEX 18,Buttes-Montmartre,48.8925,2.3444
75864 CEDEX 18,Buttes-Montmartre,48.8925,2.3444
75865 CEDEX 18,Buttes-Montmartre,48.8925,2.3444
75866 CEDEX 18,Buttes-Montmartre,48.8925,2.3444
75867 CEDEX 18,Buttes-Montmartre,48.8925,2.3444
75868 CEDEX 18,Buttes-Montmartre,48.8925,2.3444
75869 CEDEX 18,Buttes-Montmartre,48.8925,2.3444
75870 CEDEX 18,Buttes-Montmartre,48.8925,2.3444
75871 CEDEX 18,Buttes-Montmartre,48.8925,2.3444
75872 CEDEX 18,Buttes-Montmartre,48.8925,2.3444
75874 CEDEX 18,Buttes-Montmartre,48.8925,2.3444
75875 CEDEX 18,Buttes-Montmartre,48.8925,2.3444
75876 CEDEX 18,Buttes-Montmartre,48.8925,2.3444
75877 CEDEX 18,Buttes-Montmartre,48.8925,2.3444
75878 CEDEX 18,Buttes-Montmartre,48.8925,2.3444
75879 CEDEX 18,Buttes-Montmartre,48.8925,2.3444
75880 CEDEX 18,Buttes-Montmartre,48.8925,2.3444
75881 CEDEX 18,Buttes-Montmartre,48.8925,2.3444
75882 CEDEX 18,Buttes-Montmartre,48.8925,2.3444
75883 CEDEX 18,Buttes-Montmartre,48.8925,2.3444
75884 CEDEX 18,Buttes-Montmartre,48.8925,2.3444
75885 CEDEX 18,Buttes-Montmartre,48.8925,2.3444
75886 CEDEX 18,Buttes-Montmartre,48.8925,2.3444
75887 CEDEX 18,Buttes-Montmartre,48.8925,2.3444
75889 CEDEX 18,Buttes-Montmartre,48.8925,2.3444
75890 CEDEX 18,Buttes-Montmartre,48.8925,2.3444
75891 CEDEX 18,Buttes-Montmartre,48.8925,2.3444
75892 CEDEX 18,Buttes-Montmartre,48.8925,2.3444
75893 CEDEX 18,Buttes-Montmartre,48.8925,2.3444
75894 CEDEX 18,Buttes-Montmartre,48.8925,2.3444
75895 CEDEX 18,Buttes-Montmartre,48.8925,2.3444
75897 CEDEX 18,Buttes-Montmartre,48.8925,2.3444
75898 CEDEX 18,Buttes-Montmartre,48.8925,2.3444
75899 CEDEX 18,Buttes-Montmartre,48.8925,2.3444
75900 CEDEX 15,Vaugirard,48.8412,2.3003
75901 CEDEX 15,Vaugirard,48.8412,2.3003
75902 CEDEX 15,Vaugirard,48.8412,2.3003
75903 CEDEX 15,Vaugirard,48.8412,2.3003
75904 CEDEX 15,Vaugirard,48.8412,2.3003
75905 CEDEX 15,Vaugirard,48.8412,2.3003
75907 CEDEX 15,Vaugirard,48.8412,2.3003
75908 CEDEX 15,Vaugirard,48.8412,2.3003
75909 CEDEX 15,Vaugirard,48.8412,2.3003
75911 CEDEX 15,Vaugirard,48.8412,2.3003
75913 CEDEX 19,Buttes-Chaumont,48.8817,2.3822
75914 CEDEX 13,Gobelins,48.8322,2.3561
75915 CEDEX 04,Hôtel-de-Ville,48.8601,2.3507
75916 CEDEX 19,Buttes-Chaumont,48.8817,2.3822
75917 CEDEX 19,Buttes-Chaumont,48.8817,2.3822
75918 CEDEX 19,Buttes-Chaumont,48.8817,2.3822
75919 CEDEX 19,Buttes-Chaumont,48.8817,2.3822
75920 CEDEX 19,Buttes-Chaumont,48.8817,2.3822
75921 CEDEX 19,Buttes-Chaumont,48.8817,2.3822
75922 CEDEX 19,Buttes-Chaumont,48.8817,2.3822
75923 CEDEX 19,Buttes-Chaumont,48.8817,2.3822
75924 CEDEX 19,Buttes-Chaumont,48.8817,2.3822
75925 CEDEX 19,Buttes-Chaumont,48.8817,2.3822
75926 CEDEX 19,Buttes-Chaumont,48.8817,2.3822
75927 CEDEX 19,Buttes-Chaumont,48.8817,2.3822
75928 CEDEX 19,Buttes-Chaumont,48.8817,2.3822
75929 CEDEX 19,Buttes-Chaumont,48.8817,2.3822
75930 CEDEX 19,Buttes-Chaumont,48.8817,2.3822
75931 CEDEX 19,Buttes-Chaumont,48.8817,2.3822
75932 CEDEX 19,Buttes-Chaumont,48.8817,2.3822
75933 CEDEX 19,Buttes-Chaumont,48.8817,2.3822
75934 CEDEX 19,Buttes-Chaumont,48.8817,2.3822
75935 CEDEX 19,Buttes-Chaumont,48.8817,2.3822
75936 CEDEX 19,Buttes-Chaumont,48.8817,2.3822
75937 CEDEX 19,Buttes-Chaumont,48.8817,2.3822
75938 CEDEX 19,Buttes-Chaumont,48.8817,2.3822
75939 CEDEX 19,Buttes-Chaumont,48.8817,2.3822
75940 CEDEX 19,Buttes-Chaumont,48.8817,2.3822
75941 CEDEX 19,Buttes-Chaumont,48.8817,2.3822
75942 CEDEX 19,Buttes-Chaumont,48.8817,2.3822
75943 CEDEX 19,Buttes-Chaumont,48.8817,2.3822
75944 CEDEX 19,Buttes-Chaumont,48.8817,2.3822
75945 CEDEX 19,Buttes-Chaumont,48.8817,2.3822
75946 CEDEX 19,Buttes-Chaumont,48.8817,2.3822
75947 CEDEX 19,Buttes-Chaumont,48.8817,2.3822
75948 CEDEX 19,Buttes-Chaumont,48.8817,2.3822
75949 CEDEX 19,Buttes-Chaumont,48.8817,2.3822
75950 CEDEX 19,Buttes-Chaumont,48.8817,2.3822
75951 CEDEX 19,Buttes-Chaumont,48.8817,2.3822
75952 CEDEX 19,Buttes-Chaumont,48.8817,2.3822
75953 CEDEX 19,Buttes-Chaumont,48.8817,2.3822
75954 CEDEX 19,Buttes-Chaumont,48.8817,2.3822
75955 CEDEX 19,Buttes-Chaumont,48.8817,2.3822
75956 CEDEX 19,Buttes-Chaumont,48.8817,2.3822
75957 CEDEX 19,Buttes-Chaumont,48.8817,2.3822
75958 CEDEX 19,Buttes-Chaumont,48.8817,2.3822
75959 CEDEX 19,Buttes-Chaumont,48.8817,2.3822
75960 CEDEX 20,Ménilmontant,48.8646,2.3984
75961 CEDEX 20,Ménilmontant,48.8646,2.3984
75962 CEDEX 20,Ménilmontant,48.8646,2.3984
75965 CEDEX 20,Ménilmontant,48.8646,2.3984
75966 CEDEX 20,Ménilmontant,48.8646,2.3984
75967 CEDEX 20,Ménilmontant,48.8646,2.3984
75969 CEDEX 20,Ménilmontant,48.8646,2.3984
75970 CEDEX 20,Ménilmontant,48.8646,2.3984
75971 CEDEX 20,Ménilmontant,48.8646,2.3984
75972 CEDEX 20,Ménilmontant,48.8646,2.3984
75973 CEDEX 20,Ménilmontant,48.8646,2.3984
75974 CEDEX 20,Ménilmontant,48.8646,2.3984
75975 CEDEX 20,Ménilmontant,48.8646,2.3984
75976 CEDEX 20,Ménilmontant,48.8646,2.3984
75977 CEDEX 20,Ménilmontant,48.8646,2.3984
75978 CEDEX 20,Ménilmontant,48.8646,2.3984
75979 CEDEX 20,Ménilmontant,48.8646,2.3984
75980 CEDEX 20,Ménilmontant,48.8646,2.3984
75981 CEDEX 20,Ménilmontant,48.8646,2.3984
75983 CEDEX 20,Ménilmontant,48.8646,2.3984
75984 CEDEX 20,Ménilmontant,48.8646,2.3984
75985 CEDEX 20,Ménilmontant,48.8646,2.3984
75986 CEDEX 20,Ménilmontant,48.8646,2.3984
75987 CEDEX 20,Ménilmontant,48.8646,2.3984
75988 CEDEX 20,Ménilmontant,48.8646,2.3984
75989 CEDEX 20,Ménilmontant,48.8646,2.3984
75990 CEDEX 20,Ménilmontant,48.8646,2.3984
75991 CEDEX 20,Ménilmontant,48.8646,2.3984
75993 CEDEX 14,Observatoire,48.8331,2.3264
75994 CEDEX 14,Observatoire,48.8331,2.3264
75995 CEDEX 14,Observatoire,48.8331,2.3264
75996 CEDEX 14,Observatoire,48.8331,2.3264
75997 CEDEX 14,Observatoire,48.8331,2.3264
75998 CEDEX 14,Observatoire,48.8331,2.3264
